<?xml version="1.0" encoding="UTF-8"?>
<cloudControlRecord>
    <device_00000000>
        <deviceId>00000000</deviceId>
        <deviceName>Bluetooth Device</deviceName>
        <version>8</version>
        <disabled>false</disabled>
        <region>[ALL]</region>
        <type>2</type>
        <build>stable</build>
        <rssi>0</rssi>
        <product>[ALL]</product>
        <allow_sync>true</allow_sync>
        <active_pull>true</active_pull>
        <bucket>miuibluetooth</bucket>
        <use_cdn>true</use_cdn>
        <delay_sync_time>9</delay_sync_time>
    </device_00000000>
    <device_01010101>
        <deviceId>01010101</deviceId>
        <deviceName>Air 2s</deviceName>
        <version>1</version>
        <disabled>false</disabled>
        <region>[CN]</region>
        <type>3</type>
        <layout>1</layout>
        <tws_headset>true</tws_headset>
        <build>stable</build>
        <rssi>-48</rssi>
        <product>[ALL]</product>
        <allow_sync>true</allow_sync>
        <active_pull>false</active_pull>
        <bucket>miuibluetooth</bucket>
        <use_cdn>true</use_cdn>
    </device_01010101>
    <device_01010102>
        <deviceId>01010102</deviceId>
        <deviceName>Mi Air 2 Pro</deviceName>
        <version>1</version>
        <disabled>false</disabled>
        <region>[CN]</region>
        <type>3</type>
        <layout>1</layout>
        <tws_headset>true</tws_headset>
        <build>stable</build>
        <rssi>-46</rssi>
        <product>[ALL]</product>
        <allow_sync>true</allow_sync>
        <active_pull>false</active_pull>
        <bucket>ecoearphone</bucket>
        <use_cdn>true</use_cdn>
    </device_01010102>
    <device_01010400>
        <deviceId>01010400</deviceId>
        <deviceName>ZMI PurPods Pro</deviceName>
        <version>2</version>
        <disabled>false</disabled>
        <region>[ALL]</region>
        <type>2</type>
        <layout>1</layout>
        <tws_headset>true</tws_headset>
        <build>stable</build>
        <rssi>-49</rssi>
        <product>[ALL]</product>
        <allow_sync>true</allow_sync>
        <active_pull>false</active_pull>
        <bucket>aibluetooth</bucket>
        <use_cdn>true</use_cdn>
    </device_01010400>
    <device_01010401>
        <deviceId>01010401</deviceId>
        <deviceName>ZMI PurPods</deviceName>
        <version>2</version>
        <disabled>false</disabled>
        <region>[ALL]</region>
        <type>2</type>
        <layout>1</layout>
        <tws_headset>true</tws_headset>
        <build>stable</build>
        <rssi>-49</rssi>
        <product>[ALL]</product>
        <allow_sync>true</allow_sync>
        <active_pull>false</active_pull>
        <bucket>aibluetooth</bucket>
        <use_cdn>true</use_cdn>
    </device_01010401>
    <device_01010406>
        <deviceId>01010406</deviceId>
        <deviceName>Mi TWE 2 Pro</deviceName>
        <version>1</version>
        <disabled>false</disabled>
        <region>[ALL]</region>
        <type>2</type>
        <layout>1</layout>
        <tws_headset>true</tws_headset>
        <build>stable</build>
        <rssi>-48</rssi>
        <product>[ALL]</product>
        <allow_sync>true</allow_sync>
        <active_pull>false</active_pull>
        <bucket>ecoearphone</bucket>
        <use_cdn>true</use_cdn>
    </device_01010406>
    <device_01010407>
        <deviceId>01010407</deviceId>
        <deviceName>Mi Air 2s Pokemon</deviceName>
        <version>1</version>
        <disabled>false</disabled>
        <region>[CN]</region>
        <type>2</type>
        <layout>1</layout>
        <tws_headset>true</tws_headset>
        <build>stable</build>
        <rssi>-47</rssi>
        <product>[ALL]</product>
        <allow_sync>true</allow_sync>
        <active_pull>false</active_pull>
        <bucket>ecoearphone</bucket>
        <use_cdn>true</use_cdn>
    </device_01010407>
    <device_01010500>
        <deviceId>01010500</deviceId>
        <deviceName>Redmi AirDots 3</deviceName>
        <version>2</version>
        <disabled>false</disabled>
        <region>[CN]</region>
        <type>2</type>
        <layout>1</layout>
        <tws_headset>true</tws_headset>
        <build>stable</build>
        <rssi>-48</rssi>
        <product>[ALL]</product>
        <allow_sync>true</allow_sync>
        <active_pull>false</active_pull>
        <bucket>miuibluetooth</bucket>
        <use_cdn>true</use_cdn>
    </device_01010500>
    <device_0101200009>
        <deviceId>0101200009</deviceId>
        <deviceName>悦米小爱随身音箱</deviceName>
        <version>1</version>
        <disabled>false</disabled>
        <region>[CN]</region>
        <type>2</type>
        <layout>3</layout>
        <tws_headset>false</tws_headset>
        <build>stable</build>
        <rssi>-47</rssi>
        <product>[ALL]</product>
        <allow_sync>true</allow_sync>
        <active_pull>false</active_pull>
        <bucket>aibluetooth</bucket>
        <use_cdn>true</use_cdn>
    </device_0101200009>
    <device_0201010000>
        <deviceId>0201010000</deviceId>
        <deviceName>FlipBuds Pro</deviceName>
        <version>2</version>
        <disabled>false</disabled>
        <region>[CN]</region>
        <type>2</type>
        <layout>1</layout>
        <tws_headset>true</tws_headset>
        <build>stable</build>
        <rssi>-60</rssi>
        <product>[ALL]</product>
        <allow_sync>true</allow_sync>
        <active_pull>false</active_pull>
        <bucket>miuibluetooth</bucket>
        <use_cdn>true</use_cdn>
        <show_new_feature>false</show_new_feature>
    </device_0201010000>
    <device_01010505>
        <deviceId>01010505</deviceId>
        <deviceName>Redmi True Buds 3 Pro</deviceName>
        <version>2</version>
        <disabled>false</disabled>
        <region>[ALL]</region>
        <type>2</type>
        <layout>1</layout>
        <tws_headset>true</tws_headset>
        <build>stable</build>
        <rssi>-48</rssi>
        <product>[ALL]</product>
        <allow_sync>true</allow_sync>
        <active_pull>false</active_pull>
        <bucket>ecoearphone</bucket>
        <use_cdn>true</use_cdn>
    </device_01010505>
    <device_01010402>
        <deviceId>01010402</deviceId>
        <deviceName>Redmi AirDots 3 Pro</deviceName>
        <version>5</version>
        <disabled>false</disabled>
        <region>[CN]</region>
        <type>2</type>
        <layout>1</layout>
        <tws_headset>true</tws_headset>
        <build>stable</build>
        <rssi>-48</rssi>
        <product>[ALL]</product>
        <allow_sync>true</allow_sync>
        <active_pull>false</active_pull>
        <bucket>miuibluetooth</bucket>
        <use_cdn>true</use_cdn>
    </device_01010402>
    <device_01010405>
        <deviceId>01010405</deviceId>
        <deviceName>ZMI PurPods Pro</deviceName>
        <version>2</version>
        <disabled>false</disabled>
        <region>[CN]</region>
        <type>2</type>
        <layout>1</layout>
        <tws_headset>true</tws_headset>
        <build>stable</build>
        <rssi>-49</rssi>
        <product>[ALL]</product>
        <allow_sync>true</allow_sync>
        <active_pull>false</active_pull>
        <bucket>aibluetooth</bucket>
        <use_cdn>true</use_cdn>
    </device_01010405>
    <device_01010604>
        <deviceId>01010604</deviceId>
        <deviceName>Earphones</deviceName>
        <version>1</version>
        <disabled>false</disabled>
        <region>[ALL]</region>
        <type>2</type>
        <layout>1</layout>
        <tws_headset>true</tws_headset>
        <build>stable</build>
        <rssi>-48</rssi>
        <product>[ALL]</product>
        <allow_sync>true</allow_sync>
        <active_pull>false</active_pull>
        <bucket>miuibluetooth</bucket>
        <use_cdn>true</use_cdn>
    </device_01010604>
    <device_01010600>
        <deviceId>01010600</deviceId>
        <deviceName>Redmi AirDots 3 Pro</deviceName>
        <version>2</version>
        <disabled>false</disabled>
        <region>[CN]</region>
        <type>2</type>
        <layout>1</layout>
        <tws_headset>true</tws_headset>
        <build>stable</build>
        <rssi>-46</rssi>
        <product>[ALL]</product>
        <allow_sync>true</allow_sync>
        <active_pull>false</active_pull>
        <bucket>miuibluetooth</bucket>
        <use_cdn>true</use_cdn>
    </device_01010600>
</cloudControlRecord>
